4º_MS_Math.2_9r.jpg -> https://wiktenauer.com/images/0/09/4%c2%ba_MS_Math.2_9r.jpg
Beni_Hassan_tomb_15_wrestling_detail.jpg -> https://wiktenauer.com/images/0/09/Beni_Hassan_tomb_15_wrestling_detail.jpg
Cgm_3711_06v.jpg -> https://wiktenauer.com/images/0/09/Cgm_3711_06v.jpg
Cgm_3711_16r.jpg -> https://wiktenauer.com/images/0/09/Cgm_3711_16r.jpg
Cgm_3711_99v.jpg -> https://wiktenauer.com/images/0/09/Cgm_3711_99v.jpg
Cod.44.A.8_061r.jpg -> https://wiktenauer.com/images/0/09/Cod.44.A.8_061r.jpg
Cod.10799_272v.jpg -> https://wiktenauer.com/images/0/09/Cod.10799_272v.jpg
Cod.10825_056r.jpg -> https://wiktenauer.com/images/0/09/Cod.10825_056r.jpg
Cod.10825_231v.png -> https://wiktenauer.com/images/0/09/Cod.10825_231v.png
Cod.10826_090r.png -> https://wiktenauer.com/images/0/09/Cod.10826_090r.png
Cod.Guelf.78.2_Aug.2º_060r.jpg -> https://wiktenauer.com/images/0/09/Cod.Guelf.78.2_Aug.2%c2%ba_060r.jpg
Cod.Guelf.78.2_Aug.2º_074v.png -> https://wiktenauer.com/images/0/09/Cod.Guelf.78.2_Aug.2%c2%ba_074v.png
Cod.Guelf.78.2_Aug.2º_149v.jpg -> https://wiktenauer.com/images/0/09/Cod.Guelf.78.2_Aug.2%c2%ba_149v.jpg
Cod.Guelf.83.4_Aug.8º_004r.png -> https://wiktenauer.com/images/0/09/Cod.Guelf.83.4_Aug.8%c2%ba_004r.png
Cod.Guelf.83.4_Aug.8º_058v.jpg -> https://wiktenauer.com/images/0/09/Cod.Guelf.83.4_Aug.8%c2%ba_058v.jpg
Cod.Guelf.83.4_Aug.8º_063r.png -> https://wiktenauer.com/images/0/09/Cod.Guelf.83.4_Aug.8%c2%ba_063r.png
Cod.Guelf.1074.Novi_12v.png -> https://wiktenauer.com/images/0/09/Cod.Guelf.1074.Novi_12v.png
Cod.I.6.2º.1_04r.png -> https://wiktenauer.com/images/0/09/Cod.I.6.2%c2%ba.1_04r.png
Cod.I.6.2º.2_45r.jpg -> https://wiktenauer.com/images/0/09/Cod.I.6.2%c2%ba.2_45r.jpg
Cod.I.6.2º.4_40v.png -> https://wiktenauer.com/images/0/09/Cod.I.6.2%c2%ba.4_40v.png
Cod.I.6.4º.2_027r.jpg -> https://wiktenauer.com/images/0/09/Cod.I.6.4%c2%ba.2_027r.jpg
Cod.I.6.4º.2_057v.jpg -> https://wiktenauer.com/images/0/09/Cod.I.6.4%c2%ba.2_057v.jpg
Cod.I.6.4º.2_66v.png -> https://wiktenauer.com/images/0/09/Cod.I.6.4%c2%ba.2_66v.png
Cod.I.6.4º.5_19v.jpg -> https://wiktenauer.com/images/0/09/Cod.I.6.4%c2%ba.5_19v.jpg
Cod.Pal.germ.430_089v.png -> https://wiktenauer.com/images/0/09/Cod.Pal.germ.430_089v.png
Cod.Pal.germ.430_106r.png -> https://wiktenauer.com/images/0/09/Cod.Pal.germ.430_106r.png
Cod.Pal.germ.430_113r.png -> https://wiktenauer.com/images/0/09/Cod.Pal.germ.430_113r.png
Cod.icon._393_II_059r.jpg -> https://wiktenauer.com/images/0/09/Cod.icon._393_II_059r.jpg
Cod.icon._393_II_105v.jpg -> https://wiktenauer.com/images/0/09/Cod.icon._393_II_105v.jpg
Cod.icon._393_II_166r.jpg -> https://wiktenauer.com/images/0/09/Cod.icon._393_II_166r.jpg
Cod.icon._393_I_026r.jpg -> https://wiktenauer.com/images/0/09/Cod.icon._393_I_026r.jpg
Flecha_tesela.png -> https://wiktenauer.com/images/0/09/Flecha_tesela.png
GKS_1868_2_detail_27.jpg -> https://wiktenauer.com/images/0/09/GKS_1868_2_detail_27.jpg
Heußler_3-8.jpg -> https://wiktenauer.com/images/0/09/Heu%c3%9fler_3-8.jpg
Heußler_3-19.jpg -> https://wiktenauer.com/images/0/09/Heu%c3%9fler_3-19.jpg
Hundt_076.jpg -> https://wiktenauer.com/images/0/09/Hundt_076.jpg
Kurze_Unterrichtung_belangend_die_pique_1659.jpg -> https://wiktenauer.com/images/0/09/Kurze_Unterrichtung_belangend_die_pique_1659.jpg
MS_26-232_53r.jpg -> https://wiktenauer.com/images/0/09/MS_26-232_53r.jpg
MS_26-232_64r-b.jpg -> https://wiktenauer.com/images/0/09/MS_26-232_64r-b.jpg
MS_78.A.15_68r.jpg -> https://wiktenauer.com/images/0/09/MS_78.A.15_68r.jpg
MS_B.26_068v.png -> https://wiktenauer.com/images/0/09/MS_B.26_068v.png
MS_Bibl._2465_105r.jpg -> https://wiktenauer.com/images/0/09/MS_Bibl._2465_105r.jpg
MS_Bibl._2465_106v.jpg -> https://wiktenauer.com/images/0/09/MS_Bibl._2465_106v.jpg
MS_CL23842_090r.jpg -> https://wiktenauer.com/images/0/09/MS_CL23842_090r.jpg
MS_Chart.A.558_064r.jpg -> https://wiktenauer.com/images/0/09/MS_Chart.A.558_064r.jpg
MS_Dresd.C.93_072v.png -> https://wiktenauer.com/images/0/09/MS_Dresd.C.93_072v.png
MS_Dresd.C.94_094v.png -> https://wiktenauer.com/images/0/09/MS_Dresd.C.94_094v.png
MS_Dresd.C.94_165v.png -> https://wiktenauer.com/images/0/09/MS_Dresd.C.94_165v.png
MS_Dresd.C.94_247v.png -> https://wiktenauer.com/images/0/09/MS_Dresd.C.94_247v.png
MS_Dresd.C.487_057r.png -> https://wiktenauer.com/images/0/09/MS_Dresd.C.487_057r.png
MS_E.1939.65.354_168v.jpg -> https://wiktenauer.com/images/0/09/MS_E.1939.65.354_168v.jpg
MS_KK5126_90r.png -> https://wiktenauer.com/images/0/09/MS_KK5126_90r.png
MS_Latin_11269_21v.jpg -> https://wiktenauer.com/images/0/09/MS_Latin_11269_21v.jpg
MS_M.I.29_012v.jpg -> https://wiktenauer.com/images/0/09/MS_M.I.29_012v.jpg
MS_M.I.29_043v.jpg -> https://wiktenauer.com/images/0/09/MS_M.I.29_043v.jpg
MS_R4-B274_31r.jpg -> https://wiktenauer.com/images/0/09/MS_R4-B274_31r.jpg
MS_Thott.290.2º_099r.jpg -> https://wiktenauer.com/images/0/09/MS_Thott.290.2%c2%ba_099r.jpg
MS_Thott.290.2º_128r.jpg -> https://wiktenauer.com/images/0/09/MS_Thott.290.2%c2%ba_128r.jpg
Mair_grappling_021.jpg -> https://wiktenauer.com/images/0/09/Mair_grappling_021.jpg
Mair_longsword_033.jpg -> https://wiktenauer.com/images/0/09/Mair_longsword_033.jpg
Mair_side_sword_24.jpg -> https://wiktenauer.com/images/0/09/Mair_side_sword_24.jpg
Marozzo_56.png -> https://wiktenauer.com/images/0/09/Marozzo_56.png
Meyer_1570_Staff_D.png -> https://wiktenauer.com/images/0/09/Meyer_1570_Staff_D.png
Nicolaes_Petter_49.jpg -> https://wiktenauer.com/images/0/09/Nicolaes_Petter_49.jpg
Pisani-Dossi_MS_12a-a.png -> https://wiktenauer.com/images/0/09/Pisani-Dossi_MS_12a-a.png
Pisani-Dossi_MS_30a.jpg -> https://wiktenauer.com/images/0/09/Pisani-Dossi_MS_30a.jpg
Reichsstadt_"Schätze"_Nr._82_082v.jpg -> https://wiktenauer.com/images/0/09/Reichsstadt_%22Sch%c3%a4tze%22_Nr._82_082v.jpg
Sutor_93.jpg -> https://wiktenauer.com/images/0/09/Sutor_93.jpg
SvHEMAF.jpg -> https://wiktenauer.com/images/0/09/SvHEMAF.jpg
