1673_Pascha_Rapier_No19.png -> https://wiktenauer.com/images/a/a5/1673_Pascha_Rapier_No19.png
Agrippa_1553_52.jpg -> https://wiktenauer.com/images/a/a5/Agrippa_1553_52.jpg
Archives_of_the_Masters_of_Arms_of_Paris_Slee_Daressy.jpg -> https://wiktenauer.com/images/a/a5/Archives_of_the_Masters_of_Arms_of_Paris_Slee_Daressy.jpg
Auerswald_46.jpg -> https://wiktenauer.com/images/a/a5/Auerswald_46.jpg
Cgm_582_004v.jpg -> https://wiktenauer.com/images/a/a5/Cgm_582_004v.jpg
Cgm_582_069v.jpg -> https://wiktenauer.com/images/a/a5/Cgm_582_069v.jpg
Cgm_1507_72r.jpg -> https://wiktenauer.com/images/a/a5/Cgm_1507_72r.jpg
Cgm_3711_04r.jpg -> https://wiktenauer.com/images/a/a5/Cgm_3711_04r.jpg
Cgm_3712_211v.jpg -> https://wiktenauer.com/images/a/a5/Cgm_3712_211v.jpg
Cod.44.A.8_065v.jpg -> https://wiktenauer.com/images/a/a5/Cod.44.A.8_065v.jpg
Cod.10799_141r.jpg -> https://wiktenauer.com/images/a/a5/Cod.10799_141r.jpg
Cod.10825_207r.png -> https://wiktenauer.com/images/a/a5/Cod.10825_207r.png
Cod.10825_215r.png -> https://wiktenauer.com/images/a/a5/Cod.10825_215r.png
Cod.10826_073r.png -> https://wiktenauer.com/images/a/a5/Cod.10826_073r.png
Cod.Guelf.78.2_Aug.2%c2%ba_081r.png -> https://wiktenauer.com/images/a/a5/Cod.Guelf.78.2_Aug.2%c2%ba_081r.png
Cod.Guelf.78.2_Aug.2%c2%ba_Cover_4.jpg -> https://wiktenauer.com/images/a/a5/Cod.Guelf.78.2_Aug.2%c2%ba_Cover_4.jpg
Cod.Guelf.83.4_Aug.8%c2%ba_079r.jpg -> https://wiktenauer.com/images/a/a5/Cod.Guelf.83.4_Aug.8%c2%ba_079r.jpg
Cod.Guelf.83.4_Aug.8%c2%ba_095v.png -> https://wiktenauer.com/images/a/a5/Cod.Guelf.83.4_Aug.8%c2%ba_095v.png
Cod.Guelf.1074.Novi_06r.png -> https://wiktenauer.com/images/a/a5/Cod.Guelf.1074.Novi_06r.png
Cod.I.6.2%c2%ba.1_27r.png -> https://wiktenauer.com/images/a/a5/Cod.I.6.2%c2%ba.1_27r.png
Cod.I.6.2%c2%ba.2_52r.jpg -> https://wiktenauer.com/images/a/a5/Cod.I.6.2%c2%ba.2_52r.jpg
Cod.I.6.2%c2%ba.3_28r.png -> https://wiktenauer.com/images/a/a5/Cod.I.6.2%c2%ba.3_28r.png
Cod.I.6.2%c2%ba.3_34v.png -> https://wiktenauer.com/images/a/a5/Cod.I.6.2%c2%ba.3_34v.png
Cod.I.6.4%c2%ba.2_009v.jpg -> https://wiktenauer.com/images/a/a5/Cod.I.6.4%c2%ba.2_009v.jpg
Cod.Pal.germ.430_002r.png -> https://wiktenauer.com/images/a/a5/Cod.Pal.germ.430_002r.png
Cod.Pal.germ.430_056r.png -> https://wiktenauer.com/images/a/a5/Cod.Pal.germ.430_056r.png
Cod.icon._393_II_144r.jpg -> https://wiktenauer.com/images/a/a5/Cod.icon._393_II_144r.jpg
Cod.icon._393_II_152r.jpg -> https://wiktenauer.com/images/a/a5/Cod.icon._393_II_152r.jpg
Cod.icon._393_II_207v.jpg -> https://wiktenauer.com/images/a/a5/Cod.icon._393_II_207v.jpg
Cod.icon._393_I_177r.jpg -> https://wiktenauer.com/images/a/a5/Cod.icon._393_I_177r.jpg
Cod.icon._393_I_183r.jpg -> https://wiktenauer.com/images/a/a5/Cod.icon._393_I_183r.jpg
Cod.icon._393_I_203v.jpg -> https://wiktenauer.com/images/a/a5/Cod.icon._393_I_203v.jpg
Cod.icon._394a_27v.jpg -> https://wiktenauer.com/images/a/a5/Cod.icon._394a_27v.jpg
Fabris_Windsor_018.jpg -> https://wiktenauer.com/images/a/a5/Fabris_Windsor_018.jpg
Giganti_35.png -> https://wiktenauer.com/images/a/a5/Giganti_35.png
Hundt_024.jpg -> https://wiktenauer.com/images/a/a5/Hundt_024.jpg
L'Ange_1664_32.png -> https://wiktenauer.com/images/a/a5/L'Ange_1664_32.png
L'Ange_1664_50.png -> https://wiktenauer.com/images/a/a5/L'Ange_1664_50.png
Libr.Pict.A.83_47v-a.jpg -> https://wiktenauer.com/images/a/a5/Libr.Pict.A.83_47v-a.jpg
MS_26-232_89v.jpg -> https://wiktenauer.com/images/a/a5/MS_26-232_89v.jpg
MS_963_13r.jpg -> https://wiktenauer.com/images/a/a5/MS_963_13r.jpg
MS_963_15r.jpg -> https://wiktenauer.com/images/a/a5/MS_963_15r.jpg
MS_963_15v.jpg -> https://wiktenauer.com/images/a/a5/MS_963_15v.jpg
MS_963_82v.jpg -> https://wiktenauer.com/images/a/a5/MS_963_82v.jpg
MS_1825_44r.jpg -> https://wiktenauer.com/images/a/a5/MS_1825_44r.jpg
MS_A.4%c2%ba.2_01v.jpg -> https://wiktenauer.com/images/a/a5/MS_A.4%c2%ba.2_01v.jpg
MS_A.4%c2%ba.2_63r.jpg -> https://wiktenauer.com/images/a/a5/MS_A.4%c2%ba.2_63r.jpg
MS_B.26_112v.png -> https://wiktenauer.com/images/a/a5/MS_B.26_112v.png
MS_B.26_304r.png -> https://wiktenauer.com/images/a/a5/MS_B.26_304r.png
MS_Bibl._2465_047r.jpg -> https://wiktenauer.com/images/a/a5/MS_Bibl._2465_047r.jpg
MS_Bibl._2465_054r.jpg -> https://wiktenauer.com/images/a/a5/MS_Bibl._2465_054r.jpg
MS_CL23842_070v.jpg -> https://wiktenauer.com/images/a/a5/MS_CL23842_070v.jpg
MS_Chart.A.558_012v.jpg -> https://wiktenauer.com/images/a/a5/MS_Chart.A.558_012v.jpg
MS_Chart.A.558_014v.jpg -> https://wiktenauer.com/images/a/a5/MS_Chart.A.558_014v.jpg
MS_Chart.A.558_091r.png -> https://wiktenauer.com/images/a/a5/MS_Chart.A.558_091r.png
MS_Chart.A.558_094r.jpg -> https://wiktenauer.com/images/a/a5/MS_Chart.A.558_094r.jpg
MS_Dresd.C.15_32r.png -> https://wiktenauer.com/images/a/a5/MS_Dresd.C.15_32r.png
MS_Dresd.C.94_219v.png -> https://wiktenauer.com/images/a/a5/MS_Dresd.C.94_219v.png
MS_E.1939.65.341_095r.jpg -> https://wiktenauer.com/images/a/a5/MS_E.1939.65.341_095r.jpg
MS_Germ.Quart.2020_062r.jpg -> https://wiktenauer.com/images/a/a5/MS_Germ.Quart.2020_062r.jpg
MS_Germ.Quart.2020_Cover_1.jpg -> https://wiktenauer.com/images/a/a5/MS_Germ.Quart.2020_Cover_1.jpg
MS_Harley_3542_082r.png -> https://wiktenauer.com/images/a/a5/MS_Harley_3542_082r.png
MS_I.33_29r.jpg -> https://wiktenauer.com/images/a/a5/MS_I.33_29r.jpg
MS_Italien_959_29v.png -> https://wiktenauer.com/images/a/a5/MS_Italien_959_29v.png
MS_KK5012_73v.jpg -> https://wiktenauer.com/images/a/a5/MS_KK5012_73v.jpg
MS_KK5342_33r.png -> https://wiktenauer.com/images/a/a5/MS_KK5342_33r.png
MS_Latin_11269_27v-c.png -> https://wiktenauer.com/images/a/a5/MS_Latin_11269_27v-c.png
MS_M.I.29_051v.jpg -> https://wiktenauer.com/images/a/a5/MS_M.I.29_051v.jpg
MS_M.I.29_081v.jpg -> https://wiktenauer.com/images/a/a5/MS_M.I.29_081v.jpg
MS_R4-B274_26r.jpg -> https://wiktenauer.com/images/a/a5/MS_R4-B274_26r.jpg
MS_Thott.290.2%c2%ba_135v.jpg -> https://wiktenauer.com/images/a/a5/MS_Thott.290.2%c2%ba_135v.jpg
Mair's_mounted_fencing_23.png -> https://wiktenauer.com/images/a/a5/Mair's_mounted_fencing_23.png
Mair's_tournament_12.png -> https://wiktenauer.com/images/a/a5/Mair's_tournament_12.png
Mair_dussack_14.jpg -> https://wiktenauer.com/images/a/a5/Mair_dussack_14.jpg
Ms.XIX.17-3_05v.jpg -> https://wiktenauer.com/images/a/a5/Ms.XIX.17-3_05v.jpg
Nicolaes_Petter_30.jpg -> https://wiktenauer.com/images/a/a5/Nicolaes_Petter_30.jpg
Pisani-Dossi_MS_04b-c.png -> https://wiktenauer.com/images/a/a5/Pisani-Dossi_MS_04b-c.png
Sainct_Didier_99-100.png -> https://wiktenauer.com/images/a/a5/Sainct_Didier_99-100.png
Scienza_d%e2%80%99Arme_(Fabris)_114.jpg -> https://wiktenauer.com/images/a/a5/Scienza_d%e2%80%99Arme_(Fabris)_114.jpg
Scola_overo_Teatro_01.jpg -> https://wiktenauer.com/images/a/a5/Scola_overo_Teatro_01.jpg
Wurm_ff_1v-2r.jpg -> https://wiktenauer.com/images/a/a5/Wurm_ff_1v-2r.jpg
